Identifier;Object Type;Lifecycle State;Description;XCreateDate;XCreateUser
ZIP PC방 (500023512);Physical Location;Active;;2018-09-13 18:23:01;netl
ZIP PC클럽 (901172599);Physical Location;Active;;2018-09-13 19:19:28;netl
ZIP-L1-0 2G CS;Resource Group;Active;NGSA demo data;2018-05-22 13:30:08;SOA
ZIP-L1-0 2G PS;Resource Group;Active;NGSA demo data;2018-05-22 13:30:08;SOA
ZIP-L1-0 3G CS;Resource Group;Active;NGSA demo data;2018-05-22 13:30:08;SOA
ZIP-L1-0 3G PS;Resource Group;Active;NGSA demo data;2018-05-22 13:30:08;SOA
ZIP-L1-0 LTE PS;Resource Group;Active;NGSA demo data;2018-05-22 13:30:08;SOA
ZIP-L1-1 2G CS;Resource Group;Active;NGSA demo data;2018-05-22 13:30:08;SOA
ZIP-L1-1 2G PS;Resource Group;Active;NGSA demo data;2018-05-22 13:30:08;SOA
ZIP-L1-1 3G CS;Resource Group;Active;NGSA demo data;2018-05-22 13:30:08;SOA
ZIP-L1-1 3G PS;Resource Group;Active;NGSA demo data;2018-05-22 13:30:08;SOA
ZIP-L1-1 LTE PS;Resource Group;Active;NGSA demo data;2018-05-22 13:30:08;SOA
ZIP-L1-2 2G CS;Resource Group;Active;NGSA demo data;2018-05-22 13:30:08;SOA
ZIP-L1-2 2G PS;Resource Group;Active;NGSA demo data;2018-05-22 13:30:08;SOA
ZIP-L1-2 3G CS;Resource Group;Active;NGSA demo data;2018-05-22 13:30:08;SOA
ZIP-L1-2 3G PS;Resource Group;Active;NGSA demo data;2018-05-22 13:30:08;SOA
ZIP-L1-2 LTE PS;Resource Group;Active;NGSA demo data;2018-05-22 13:30:08;SOA
ZIP-L1-3 2G CS;Resource Group;Active;NGSA demo data;2018-05-22 13:30:08;SOA
ZIP-L1-3 2G PS;Resource Group;Active;NGSA demo data;2018-05-22 13:30:08;SOA
ZIP-L1-3 3G CS;Resource Group;Active;NGSA demo data;2018-05-22 13:30:08;SOA
ZIP-L1-3 3G PS;Resource Group;Active;NGSA demo data;2018-05-22 13:30:08;SOA
ZIP-L1-3 LTE PS;Resource Group;Active;NGSA demo data;2018-05-22 13:30:08;SOA
ZIP-L1-4 2G CS;Resource Group;Active;NGSA demo data;2018-05-22 13:30:08;SOA
ZIP-L1-4 2G PS;Resource Group;Active;NGSA demo data;2018-05-22 13:30:08;SOA
ZIP-L1-4 3G CS;Resource Group;Active;NGSA demo data;2018-05-22 13:30:08;SOA
ZIP-L1-4 3G PS;Resource Group;Active;NGSA demo data;2018-05-22 13:30:08;SOA
ZIP-L1-4 LTE PS;Resource Group;Active;NGSA demo data;2018-05-22 13:30:08;SOA
ZIP-L1-5 2G CS;Resource Group;Active;NGSA demo data;2018-05-22 13:30:08;SOA
ZIP-L1-5 2G PS;Resource Group;Active;NGSA demo data;2018-05-22 13:30:08;SOA
ZIP-L1-5 3G CS;Resource Group;Active;NGSA demo data;2018-05-22 13:30:08;SOA
ZIP-L1-5 3G PS;Resource Group;Active;NGSA demo data;2018-05-22 13:30:08;SOA
ZIP-L1-5 LTE PS;Resource Group;Active;NGSA demo data;2018-05-22 13:30:08;SOA
ZIP-L1-6 2G CS;Resource Group;Active;NGSA demo data;2018-05-22 13:30:08;SOA
ZIP-L1-6 2G PS;Resource Group;Active;NGSA demo data;2018-05-22 13:30:08;SOA
ZIP-L1-6 3G CS;Resource Group;Active;NGSA demo data;2018-05-22 13:30:08;SOA
ZIP-L1-6 3G PS;Resource Group;Active;NGSA demo data;2018-05-22 13:30:08;SOA
ZIP-L1-6 LTE PS;Resource Group;Active;NGSA demo data;2018-05-22 13:30:08;SOA
ZIP-L1-7 2G CS;Resource Group;Active;NGSA demo data;2018-05-22 13:30:08;SOA
ZIP-L1-7 2G PS;Resource Group;Active;NGSA demo data;2018-05-22 13:30:08;SOA
ZIP-L1-7 3G CS;Resource Group;Active;NGSA demo data;2018-05-22 13:30:08;SOA
ZIP-L1-7 3G PS;Resource Group;Active;NGSA demo data;2018-05-22 13:30:08;SOA
ZIP-L1-7 LTE PS;Resource Group;Active;NGSA demo data;2018-05-22 13:30:08;SOA
ZIP-L1-8 2G CS;Resource Group;Active;NGSA demo data;2018-05-22 13:30:08;SOA
ZIP-L1-8 2G PS;Resource Group;Active;NGSA demo data;2018-05-22 13:30:08;SOA
ZIP-L1-8 3G CS;Resource Group;Active;NGSA demo data;2018-05-22 13:30:08;SOA
ZIP-L1-8 3G PS;Resource Group;Active;NGSA demo data;2018-05-22 13:30:08;SOA
ZIP-L1-8 LTE PS;Resource Group;Active;NGSA demo data;2018-05-22 13:30:08;SOA
ZIP-L1-9 2G CS;Resource Group;Active;NGSA demo data;2018-05-22 13:30:08;SOA
ZIP-L1-9 2G PS;Resource Group;Active;NGSA demo data;2018-05-22 13:30:08;SOA
ZIP-L1-9 3G CS;Resource Group;Active;NGSA demo data;2018-05-22 13:30:08;SOA
ZIP-L1-9 3G PS;Resource Group;Active;NGSA demo data;2018-05-22 13:30:08;SOA
ZIP-L1-9 LTE PS;Resource Group;Active;NGSA demo data;2018-05-22 13:30:08;SOA
ZIP-L2-00 2G CS;Resource Group;Active;NGSA demo data;2018-05-22 13:30:08;SOA
ZIP-L2-00 2G PS;Resource Group;Active;NGSA demo data;2018-05-22 13:30:08;SOA
ZIP-L2-00 3G CS;Resource Group;Active;NGSA demo data;2018-05-22 13:30:08;SOA
ZIP-L2-00 3G PS;Resource Group;Active;NGSA demo data;2018-05-22 13:30:08;SOA
ZIP-L2-00 LTE PS;Resource Group;Active;NGSA demo data;2018-05-22 13:30:08;SOA
ZIP-L2-01 2G CS;Resource Group;Active;NGSA demo data;2018-05-22 13:30:08;SOA
ZIP-L2-01 2G PS;Resource Group;Active;NGSA demo data;2018-05-22 13:30:08;SOA
ZIP-L2-01 3G CS;Resource Group;Active;NGSA demo data;2018-05-22 13:30:08;SOA
ZIP-L2-01 3G PS;Resource Group;Active;NGSA demo data;2018-05-22 13:30:08;SOA
ZIP-L2-01 LTE PS;Resource Group;Active;NGSA demo data;2018-05-22 13:30:08;SOA
ZIP-L2-02 2G CS;Resource Group;Active;NGSA demo data;2018-05-22 13:30:08;SOA
ZIP-L2-02 2G PS;Resource Group;Active;NGSA demo data;2018-05-22 13:30:08;SOA
ZIP-L2-02 3G CS;Resource Group;Active;NGSA demo data;2018-05-22 13:30:08;SOA
ZIP-L2-02 3G PS;Resource Group;Active;NGSA demo data;2018-05-22 13:30:08;SOA
ZIP-L2-02 LTE PS;Resource Group;Active;NGSA demo data;2018-05-22 13:30:08;SOA
ZIP-L2-03 2G CS;Resource Group;Active;NGSA demo data;2018-05-22 13:30:08;SOA
ZIP-L2-03 2G PS;Resource Group;Active;NGSA demo data;2018-05-22 13:30:08;SOA
ZIP-L2-03 3G CS;Resource Group;Active;NGSA demo data;2018-05-22 13:30:08;SOA
ZIP-L2-03 3G PS;Resource Group;Active;NGSA demo data;2018-05-22 13:30:08;SOA
ZIP-L2-03 LTE PS;Resource Group;Active;NGSA demo data;2018-05-22 13:30:08;SOA
ZIP-L2-04 2G CS;Resource Group;Active;NGSA demo data;2018-05-22 13:30:08;SOA
ZIP-L2-04 2G PS;Resource Group;Active;NGSA demo data;2018-05-22 13:30:08;SOA
ZIP-L2-04 3G CS;Resource Group;Active;NGSA demo data;2018-05-22 13:30:08;SOA
ZIP-L2-04 3G PS;Resource Group;Active;NGSA demo data;2018-05-22 13:30:08;SOA
ZIP-L2-04 LTE PS;Resource Group;Active;NGSA demo data;2018-05-22 13:30:08;SOA
ZIP-L2-05 2G CS;Resource Group;Active;NGSA demo data;2018-05-22 13:30:08;SOA
ZIP-L2-05 2G PS;Resource Group;Active;NGSA demo data;2018-05-22 13:30:08;SOA
ZIP-L2-05 3G CS;Resource Group;Active;NGSA demo data;2018-05-22 13:30:08;SOA
ZIP-L2-05 3G PS;Resource Group;Active;NGSA demo data;2018-05-22 13:30:08;SOA
ZIP-L2-05 LTE PS;Resource Group;Active;NGSA demo data;2018-05-22 13:30:08;SOA
ZIP-L2-06 2G CS;Resource Group;Active;NGSA demo data;2018-05-22 13:30:08;SOA
ZIP-L2-06 2G PS;Resource Group;Active;NGSA demo data;2018-05-22 13:30:08;SOA
ZIP-L2-06 3G CS;Resource Group;Active;NGSA demo data;2018-05-22 13:30:08;SOA
ZIP-L2-06 3G PS;Resource Group;Active;NGSA demo data;2018-05-22 13:30:08;SOA
ZIP-L2-06 LTE PS;Resource Group;Active;NGSA demo data;2018-05-22 13:30:08;SOA
ZIP-L2-07 2G CS;Resource Group;Active;NGSA demo data;2018-05-22 13:30:08;SOA
ZIP-L2-07 2G PS;Resource Group;Active;NGSA demo data;2018-05-22 13:30:08;SOA
ZIP-L2-07 3G CS;Resource Group;Active;NGSA demo data;2018-05-22 13:30:08;SOA
ZIP-L2-07 3G PS;Resource Group;Active;NGSA demo data;2018-05-22 13:30:08;SOA
ZIP-L2-07 LTE PS;Resource Group;Active;NGSA demo data;2018-05-22 13:30:08;SOA
ZIP-L2-08 2G CS;Resource Group;Active;NGSA demo data;2018-05-22 13:30:08;SOA
ZIP-L2-08 2G PS;Resource Group;Active;NGSA demo data;2018-05-22 13:30:08;SOA
ZIP-L2-08 3G CS;Resource Group;Active;NGSA demo data;2018-05-22 13:30:08;SOA
ZIP-L2-08 3G PS;Resource Group;Active;NGSA demo data;2018-05-22 13:30:08;SOA
ZIP-L2-08 LTE PS;Resource Group;Active;NGSA demo data;2018-05-22 13:30:08;SOA
ZIP-L2-09 2G CS;Resource Group;Active;NGSA demo data;2018-05-22 13:30:08;SOA
ZIP-L2-09 2G PS;Resource Group;Active;NGSA demo data;2018-05-22 13:30:08;SOA
ZIP-L2-09 3G CS;Resource Group;Active;NGSA demo data;2018-05-22 13:30:08;SOA
ZIP-L2-09 3G PS;Resource Group;Active;NGSA demo data;2018-05-22 13:30:08;SOA
ZIP-L2-09 LTE PS;Resource Group;Active;NGSA demo data;2018-05-22 13:30:08;SOA
ZIP-L2-10 2G CS;Resource Group;Active;NGSA demo data;2018-05-22 13:30:08;SOA
ZIP-L2-10 2G PS;Resource Group;Active;NGSA demo data;2018-05-22 13:30:08;SOA
ZIP-L2-10 3G CS;Resource Group;Active;NGSA demo data;2018-05-22 13:30:08;SOA
ZIP-L2-10 3G PS;Resource Group;Active;NGSA demo data;2018-05-22 13:30:08;SOA
ZIP-L2-10 LTE PS;Resource Group;Active;NGSA demo data;2018-05-22 13:30:08;SOA
ZIP-L2-11 2G CS;Resource Group;Active;NGSA demo data;2018-05-22 13:30:08;SOA
ZIP-L2-11 2G PS;Resource Group;Active;NGSA demo data;2018-05-22 13:30:08;SOA
ZIP-L2-11 3G CS;Resource Group;Active;NGSA demo data;2018-05-22 13:30:08;SOA
ZIP-L2-11 3G PS;Resource Group;Active;NGSA demo data;2018-05-22 13:30:08;SOA
ZIP-L2-11 LTE PS;Resource Group;Active;NGSA demo data;2018-05-22 13:30:08;SOA
ZIP-L2-12 2G CS;Resource Group;Active;NGSA demo data;2018-05-22 13:30:08;SOA
ZIP-L2-12 2G PS;Resource Group;Active;NGSA demo data;2018-05-22 13:30:08;SOA
ZIP-L2-12 3G CS;Resource Group;Active;NGSA demo data;2018-05-22 13:30:08;SOA
ZIP-L2-12 3G PS;Resource Group;Active;NGSA demo data;2018-05-22 13:30:08;SOA
ZIP-L2-12 LTE PS;Resource Group;Active;NGSA demo data;2018-05-22 13:30:08;SOA
ZIP-L2-13 2G CS;Resource Group;Active;NGSA demo data;2018-05-22 13:30:08;SOA
ZIP-L2-13 2G PS;Resource Group;Active;NGSA demo data;2018-05-22 13:30:08;SOA
ZIP-L2-13 3G CS;Resource Group;Active;NGSA demo data;2018-05-22 13:30:08;SOA
ZIP-L2-13 3G PS;Resource Group;Active;NGSA demo data;2018-05-22 13:30:08;SOA
ZIP-L2-13 LTE PS;Resource Group;Active;NGSA demo data;2018-05-22 13:30:08;SOA
ZIP-L2-14 2G CS;Resource Group;Active;NGSA demo data;2018-05-22 13:30:08;SOA
ZIP-L2-14 2G PS;Resource Group;Active;NGSA demo data;2018-05-22 13:30:08;SOA
ZIP-L2-14 3G CS;Resource Group;Active;NGSA demo data;2018-05-22 13:30:08;SOA
ZIP-L2-14 3G PS;Resource Group;Active;NGSA demo data;2018-05-22 13:30:08;SOA
ZIP-L2-14 LTE PS;Resource Group;Active;NGSA demo data;2018-05-22 13:30:08;SOA
ZIP-L2-15 2G CS;Resource Group;Active;NGSA demo data;2018-05-22 13:30:08;SOA
ZIP-L2-15 2G PS;Resource Group;Active;NGSA demo data;2018-05-22 13:30:08;SOA
ZIP-L2-15 3G CS;Resource Group;Active;NGSA demo data;2018-05-22 13:30:08;SOA
ZIP-L2-15 3G PS;Resource Group;Active;NGSA demo data;2018-05-22 13:30:08;SOA
ZIP-L2-15 LTE PS;Resource Group;Active;NGSA demo data;2018-05-22 13:30:08;SOA
ZIP-L2-16 2G CS;Resource Group;Active;NGSA demo data;2018-05-22 13:30:08;SOA
ZIP-L2-16 2G PS;Resource Group;Active;NGSA demo data;2018-05-22 13:30:08;SOA
ZIP-L2-16 3G CS;Resource Group;Active;NGSA demo data;2018-05-22 13:30:08;SOA
ZIP-L2-16 3G PS;Resource Group;Active;NGSA demo data;2018-05-22 13:30:08;SOA
ZIP-L2-16 LTE PS;Resource Group;Active;NGSA demo data;2018-05-22 13:30:08;SOA
ZIP-L2-17 2G CS;Resource Group;Active;NGSA demo data;2018-05-22 13:30:08;SOA
ZIP-L2-17 2G PS;Resource Group;Active;NGSA demo data;2018-05-22 13:30:08;SOA
ZIP-L2-17 3G CS;Resource Group;Active;NGSA demo data;2018-05-22 13:30:08;SOA
ZIP-L2-17 3G PS;Resource Group;Active;NGSA demo data;2018-05-22 13:30:08;SOA
ZIP-L2-17 LTE PS;Resource Group;Active;NGSA demo data;2018-05-22 13:30:08;SOA
ZIP-L2-18 2G CS;Resource Group;Active;NGSA demo data;2018-05-22 13:30:08;SOA
ZIP-L2-18 2G PS;Resource Group;Active;NGSA demo data;2018-05-22 13:30:08;SOA
ZIP-L2-18 3G CS;Resource Group;Active;NGSA demo data;2018-05-22 13:30:08;SOA
ZIP-L2-18 3G PS;Resource Group;Active;NGSA demo data;2018-05-22 13:30:08;SOA
ZIP-L2-18 LTE PS;Resource Group;Active;NGSA demo data;2018-05-22 13:30:08;SOA
ZIP-L2-19 2G CS;Resource Group;Active;NGSA demo data;2018-05-22 13:30:08;SOA
ZIP-L2-19 2G PS;Resource Group;Active;NGSA demo data;2018-05-22 13:30:08;SOA
ZIP-L2-19 3G CS;Resource Group;Active;NGSA demo data;2018-05-22 13:30:08;SOA
ZIP-L2-19 3G PS;Resource Group;Active;NGSA demo data;2018-05-22 13:30:08;SOA
ZIP-L2-19 LTE PS;Resource Group;Active;NGSA demo data;2018-05-22 13:30:08;SOA
ZIP-L2-20 2G CS;Resource Group;Active;NGSA demo data;2018-05-22 13:30:08;SOA
ZIP-L2-20 2G PS;Resource Group;Active;NGSA demo data;2018-05-22 13:30:08;SOA
ZIP-L2-20 3G CS;Resource Group;Active;NGSA demo data;2018-05-22 13:30:08;SOA
ZIP-L2-20 3G PS;Resource Group;Active;NGSA demo data;2018-05-22 13:30:08;SOA
ZIP-L2-20 LTE PS;Resource Group;Active;NGSA demo data;2018-05-22 13:30:08;SOA
ZIP-L2-21 2G CS;Resource Group;Active;NGSA demo data;2018-05-22 13:30:08;SOA
ZIP-L2-21 2G PS;Resource Group;Active;NGSA demo data;2018-05-22 13:30:08;SOA
ZIP-L2-21 3G CS;Resource Group;Active;NGSA demo data;2018-05-22 13:30:08;SOA
ZIP-L2-21 3G PS;Resource Group;Active;NGSA demo data;2018-05-22 13:30:08;SOA
ZIP-L2-21 LTE PS;Resource Group;Active;NGSA demo data;2018-05-22 13:30:08;SOA
ZIP-L2-22 2G CS;Resource Group;Active;NGSA demo data;2018-05-22 13:30:08;SOA
ZIP-L2-22 2G PS;Resource Group;Active;NGSA demo data;2018-05-22 13:30:08;SOA
ZIP-L2-22 3G CS;Resource Group;Active;NGSA demo data;2018-05-22 13:30:08;SOA
ZIP-L2-22 3G PS;Resource Group;Active;NGSA demo data;2018-05-22 13:30:08;SOA
ZIP-L2-22 LTE PS;Resource Group;Active;NGSA demo data;2018-05-22 13:30:08;SOA
ZIP-L2-23 2G CS;Resource Group;Active;NGSA demo data;2018-05-22 13:30:08;SOA
ZIP-L2-23 2G PS;Resource Group;Active;NGSA demo data;2018-05-22 13:30:08;SOA
ZIP-L2-23 3G CS;Resource Group;Active;NGSA demo data;2018-05-22 13:30:08;SOA
ZIP-L2-23 3G PS;Resource Group;Active;NGSA demo data;2018-05-22 13:30:08;SOA
ZIP-L2-23 LTE PS;Resource Group;Active;NGSA demo data;2018-05-22 13:30:08;SOA
ZIP-L2-24 2G CS;Resource Group;Active;NGSA demo data;2018-05-22 13:30:08;SOA
ZIP-L2-24 2G PS;Resource Group;Active;NGSA demo data;2018-05-22 13:30:08;SOA
ZIP-L2-24 3G CS;Resource Group;Active;NGSA demo data;2018-05-22 13:30:08;SOA
ZIP-L2-24 3G PS;Resource Group;Active;NGSA demo data;2018-05-22 13:30:08;SOA
ZIP-L2-24 LTE PS;Resource Group;Active;NGSA demo data;2018-05-22 13:30:08;SOA
ZIP-L2-25 2G CS;Resource Group;Active;NGSA demo data;2018-05-22 13:30:08;SOA
ZIP-L2-25 2G PS;Resource Group;Active;NGSA demo data;2018-05-22 13:30:08;SOA
ZIP-L2-25 3G CS;Resource Group;Active;NGSA demo data;2018-05-22 13:30:08;SOA
ZIP-L2-25 3G PS;Resource Group;Active;NGSA demo data;2018-05-22 13:30:08;SOA
ZIP-L2-25 LTE PS;Resource Group;Active;NGSA demo data;2018-05-22 13:30:08;SOA
ZIP-L2-26 2G CS;Resource Group;Active;NGSA demo data;2018-05-22 13:30:08;SOA
ZIP-L2-26 2G PS;Resource Group;Active;NGSA demo data;2018-05-22 13:30:08;SOA
ZIP-L2-26 3G CS;Resource Group;Active;NGSA demo data;2018-05-22 13:30:08;SOA
ZIP-L2-26 3G PS;Resource Group;Active;NGSA demo data;2018-05-22 13:30:08;SOA
ZIP-L2-26 LTE PS;Resource Group;Active;NGSA demo data;2018-05-22 13:30:08;SOA
ZIP-L2-27 2G CS;Resource Group;Active;NGSA demo data;2018-05-22 13:30:08;SOA
ZIP-L2-27 2G PS;Resource Group;Active;NGSA demo data;2018-05-22 13:30:08;SOA
ZIP-L2-27 3G CS;Resource Group;Active;NGSA demo data;2018-05-22 13:30:08;SOA
ZIP-L2-27 3G PS;Resource Group;Active;NGSA demo data;2018-05-22 13:30:08;SOA
ZIP-L2-27 LTE PS;Resource Group;Active;NGSA demo data;2018-05-22 13:30:08;SOA
ZIP-L2-28 2G CS;Resource Group;Active;NGSA demo data;2018-05-22 13:30:08;SOA
ZIP-L2-28 2G PS;Resource Group;Active;NGSA demo data;2018-05-22 13:30:08;SOA
ZIP-L2-28 3G CS;Resource Group;Active;NGSA demo data;2018-05-22 13:30:08;SOA
ZIP-L2-28 3G PS;Resource Group;Active;NGSA demo data;2018-05-22 13:30:08;SOA
ZIP-L2-28 LTE PS;Resource Group;Active;NGSA demo data;2018-05-22 13:30:08;SOA
ZIP-L2-29 2G CS;Resource Group;Active;NGSA demo data;2018-05-22 13:30:08;SOA
ZIP-L2-29 2G PS;Resource Group;Active;NGSA demo data;2018-05-22 13:30:08;SOA
ZIP-L2-29 3G CS;Resource Group;Active;NGSA demo data;2018-05-22 13:30:08;SOA
ZIP-L2-29 3G PS;Resource Group;Active;NGSA demo data;2018-05-22 13:30:08;SOA
ZIP-L2-29 LTE PS;Resource Group;Active;NGSA demo data;2018-05-22 13:30:08;SOA
ZIP-L2-30 2G CS;Resource Group;Active;NGSA demo data;2018-05-22 13:30:08;SOA
ZIP-L2-30 2G PS;Resource Group;Active;NGSA demo data;2018-05-22 13:30:08;SOA
ZIP-L2-30 3G CS;Resource Group;Active;NGSA demo data;2018-05-22 13:30:08;SOA
ZIP-L2-30 3G PS;Resource Group;Active;NGSA demo data;2018-05-22 13:30:08;SOA
ZIP-L2-30 LTE PS;Resource Group;Active;NGSA demo data;2018-05-22 13:30:08;SOA
ZIP-L2-31 2G CS;Resource Group;Active;NGSA demo data;2018-05-22 13:30:08;SOA
ZIP-L2-31 2G PS;Resource Group;Active;NGSA demo data;2018-05-22 13:30:08;SOA
ZIP-L2-31 3G CS;Resource Group;Active;NGSA demo data;2018-05-22 13:30:08;SOA
ZIP-L2-31 3G PS;Resource Group;Active;NGSA demo data;2018-05-22 13:30:08;SOA
ZIP-L2-31 LTE PS;Resource Group;Active;NGSA demo data;2018-05-22 13:30:08;SOA
ZIP-L2-32 2G CS;Resource Group;Active;NGSA demo data;2018-05-22 13:30:08;SOA
ZIP-L2-32 2G PS;Resource Group;Active;NGSA demo data;2018-05-22 13:30:08;SOA
ZIP-L2-32 3G CS;Resource Group;Active;NGSA demo data;2018-05-22 13:30:08;SOA
ZIP-L2-32 3G PS;Resource Group;Active;NGSA demo data;2018-05-22 13:30:08;SOA
ZIP-L2-32 LTE PS;Resource Group;Active;NGSA demo data;2018-05-22 13:30:08;SOA
ZIP-L2-33 2G CS;Resource Group;Active;NGSA demo data;2018-05-22 13:30:08;SOA
ZIP-L2-33 2G PS;Resource Group;Active;NGSA demo data;2018-05-22 13:30:08;SOA
ZIP-L2-33 3G CS;Resource Group;Active;NGSA demo data;2018-05-22 13:30:08;SOA
ZIP-L2-33 3G PS;Resource Group;Active;NGSA demo data;2018-05-22 13:30:08;SOA
ZIP-L2-33 LTE PS;Resource Group;Active;NGSA demo data;2018-05-22 13:30:08;SOA
ZIP-L2-34 2G CS;Resource Group;Active;NGSA demo data;2018-05-22 13:30:08;SOA
ZIP-L2-34 2G PS;Resource Group;Active;NGSA demo data;2018-05-22 13:30:08;SOA
ZIP-L2-34 3G CS;Resource Group;Active;NGSA demo data;2018-05-22 13:30:08;SOA
ZIP-L2-34 3G PS;Resource Group;Active;NGSA demo data;2018-05-22 13:30:08;SOA
ZIP-L2-34 LTE PS;Resource Group;Active;NGSA demo data;2018-05-22 13:30:08;SOA
ZIP-L2-35 2G CS;Resource Group;Active;NGSA demo data;2018-05-22 13:30:08;SOA
ZIP-L2-35 2G PS;Resource Group;Active;NGSA demo data;2018-05-22 13:30:08;SOA
ZIP-L2-35 3G CS;Resource Group;Active;NGSA demo data;2018-05-22 13:30:08;SOA
ZIP-L2-35 3G PS;Resource Group;Active;NGSA demo data;2018-05-22 13:30:08;SOA
ZIP-L2-35 LTE PS;Resource Group;Active;NGSA demo data;2018-05-22 13:30:08;SOA
ZIP-L2-36 2G CS;Resource Group;Active;NGSA demo data;2018-05-22 13:30:08;SOA
ZIP-L2-36 2G PS;Resource Group;Active;NGSA demo data;2018-05-22 13:30:08;SOA
ZIP-L2-36 3G CS;Resource Group;Active;NGSA demo data;2018-05-22 13:30:08;SOA
ZIP-L2-36 3G PS;Resource Group;Active;NGSA demo data;2018-05-22 13:30:08;SOA
ZIP-L2-36 LTE PS;Resource Group;Active;NGSA demo data;2018-05-22 13:30:08;SOA
ZIP-L2-37 2G CS;Resource Group;Active;NGSA demo data;2018-05-22 13:30:08;SOA
ZIP-L2-37 2G PS;Resource Group;Active;NGSA demo data;2018-05-22 13:30:08;SOA
ZIP-L2-37 3G CS;Resource Group;Active;NGSA demo data;2018-05-22 13:30:08;SOA
ZIP-L2-37 3G PS;Resource Group;Active;NGSA demo data;2018-05-22 13:30:08;SOA
ZIP-L2-37 LTE PS;Resource Group;Active;NGSA demo data;2018-05-22 13:30:08;SOA
ZIP-L2-38 2G CS;Resource Group;Active;NGSA demo data;2018-05-22 13:30:08;SOA
ZIP-L2-38 2G PS;Resource Group;Active;NGSA demo data;2018-05-22 13:30:08;SOA
ZIP-L2-38 3G CS;Resource Group;Active;NGSA demo data;2018-05-22 13:30:08;SOA
ZIP-L2-38 3G PS;Resource Group;Active;NGSA demo data;2018-05-22 13:30:08;SOA
ZIP-L2-38 LTE PS;Resource Group;Active;NGSA demo data;2018-05-22 13:30:08;SOA
ZIP-L2-39 2G CS;Resource Group;Active;NGSA demo data;2018-05-22 13:30:08;SOA
ZIP-L2-39 2G PS;Resource Group;Active;NGSA demo data;2018-05-22 13:30:08;SOA
ZIP-L2-39 3G CS;Resource Group;Active;NGSA demo data;2018-05-22 13:30:08;SOA
ZIP-L2-39 3G PS;Resource Group;Active;NGSA demo data;2018-05-22 13:30:08;SOA
ZIP-L2-39 LTE PS;Resource Group;Active;NGSA demo data;2018-05-22 13:30:08;SOA
ZIP-L2-40 2G CS;Resource Group;Active;NGSA demo data;2018-05-22 13:30:08;SOA
ZIP-L2-40 2G PS;Resource Group;Active;NGSA demo data;2018-05-22 13:30:08;SOA
ZIP-L2-40 3G CS;Resource Group;Active;NGSA demo data;2018-05-22 13:30:08;SOA
ZIP-L2-40 3G PS;Resource Group;Active;NGSA demo data;2018-05-22 13:30:08;SOA
ZIP-L2-40 LTE PS;Resource Group;Active;NGSA demo data;2018-05-22 13:30:08;SOA
ZIP-L2-41 2G CS;Resource Group;Active;NGSA demo data;2018-05-22 13:30:08;SOA
ZIP-L2-41 2G PS;Resource Group;Active;NGSA demo data;2018-05-22 13:30:08;SOA
ZIP-L2-41 3G CS;Resource Group;Active;NGSA demo data;2018-05-22 13:30:08;SOA
ZIP-L2-41 3G PS;Resource Group;Active;NGSA demo data;2018-05-22 13:30:08;SOA
ZIP-L2-41 LTE PS;Resource Group;Active;NGSA demo data;2018-05-22 13:30:08;SOA
ZIP-L2-42 2G CS;Resource Group;Active;NGSA demo data;2018-05-22 13:30:08;SOA
ZIP-L2-42 2G PS;Resource Group;Active;NGSA demo data;2018-05-22 13:30:08;SOA
ZIP-L2-42 3G CS;Resource Group;Active;NGSA demo data;2018-05-22 13:30:08;SOA
ZIP-L2-42 3G PS;Resource Group;Active;NGSA demo data;2018-05-22 13:30:08;SOA
ZIP-L2-42 LTE PS;Resource Group;Active;NGSA demo data;2018-05-22 13:30:08;SOA
ZIP-L2-43 2G CS;Resource Group;Active;NGSA demo data;2018-05-22 13:30:08;SOA
ZIP-L2-43 2G PS;Resource Group;Active;NGSA demo data;2018-05-22 13:30:08;SOA
ZIP-L2-43 3G CS;Resource Group;Active;NGSA demo data;2018-05-22 13:30:08;SOA
ZIP-L2-43 3G PS;Resource Group;Active;NGSA demo data;2018-05-22 13:30:08;SOA
ZIP-L2-43 LTE PS;Resource Group;Active;NGSA demo data;2018-05-22 13:30:08;SOA
ZIP-L2-44 2G CS;Resource Group;Active;NGSA demo data;2018-05-22 13:30:08;SOA
ZIP-L2-44 2G PS;Resource Group;Active;NGSA demo data;2018-05-22 13:30:08;SOA
ZIP-L2-44 3G CS;Resource Group;Active;NGSA demo data;2018-05-22 13:30:08;SOA
ZIP-L2-44 3G PS;Resource Group;Active;NGSA demo data;2018-05-22 13:30:08;SOA
ZIP-L2-44 LTE PS;Resource Group;Active;NGSA demo data;2018-05-22 13:30:08;SOA
ZIP-L2-45 2G CS;Resource Group;Active;NGSA demo data;2018-05-22 13:30:08;SOA
ZIP-L2-45 2G PS;Resource Group;Active;NGSA demo data;2018-05-22 13:30:08;SOA
ZIP-L2-45 3G CS;Resource Group;Active;NGSA demo data;2018-05-22 13:30:08;SOA
ZIP-L2-45 3G PS;Resource Group;Active;NGSA demo data;2018-05-22 13:30:08;SOA
ZIP-L2-45 LTE PS;Resource Group;Active;NGSA demo data;2018-05-22 13:30:08;SOA
ZIP-L2-46 2G CS;Resource Group;Active;NGSA demo data;2018-05-22 13:30:08;SOA
ZIP-L2-46 2G PS;Resource Group;Active;NGSA demo data;2018-05-22 13:30:08;SOA
ZIP-L2-46 3G CS;Resource Group;Active;NGSA demo data;2018-05-22 13:30:08;SOA
ZIP-L2-46 3G PS;Resource Group;Active;NGSA demo data;2018-05-22 13:30:08;SOA
ZIP-L2-46 LTE PS;Resource Group;Active;NGSA demo data;2018-05-22 13:30:08;SOA
ZIP-L2-47 2G CS;Resource Group;Active;NGSA demo data;2018-05-22 13:30:08;SOA
ZIP-L2-47 2G PS;Resource Group;Active;NGSA demo data;2018-05-22 13:30:08;SOA
ZIP-L2-47 3G CS;Resource Group;Active;NGSA demo data;2018-05-22 13:30:08;SOA
ZIP-L2-47 3G PS;Resource Group;Active;NGSA demo data;2018-05-22 13:30:08;SOA
ZIP-L2-47 LTE PS;Resource Group;Active;NGSA demo data;2018-05-22 13:30:08;SOA
ZIP-L2-48 2G CS;Resource Group;Active;NGSA demo data;2018-05-22 13:30:08;SOA
ZIP-L2-48 2G PS;Resource Group;Active;NGSA demo data;2018-05-22 13:30:08;SOA
ZIP-L2-48 3G CS;Resource Group;Active;NGSA demo data;2018-05-22 13:30:08;SOA
ZIP-L2-48 3G PS;Resource Group;Active;NGSA demo data;2018-05-22 13:30:08;SOA
ZIP-L2-48 LTE PS;Resource Group;Active;NGSA demo data;2018-05-22 13:30:08;SOA
ZIP-L2-49 2G CS;Resource Group;Active;NGSA demo data;2018-05-22 13:30:08;SOA
ZIP-L2-49 2G PS;Resource Group;Active;NGSA demo data;2018-05-22 13:30:08;SOA
ZIP-L2-49 3G CS;Resource Group;Active;NGSA demo data;2018-05-22 13:30:08;SOA
ZIP-L2-49 3G PS;Resource Group;Active;NGSA demo data;2018-05-22 13:30:08;SOA
ZIP-L2-49 LTE PS;Resource Group;Active;NGSA demo data;2018-05-22 13:30:08;SOA
ZIP-L2-50 2G CS;Resource Group;Active;NGSA demo data;2018-05-22 13:30:08;SOA
ZIP-L2-50 2G PS;Resource Group;Active;NGSA demo data;2018-05-22 13:30:08;SOA
ZIP-L2-50 3G CS;Resource Group;Active;NGSA demo data;2018-05-22 13:30:08;SOA
ZIP-L2-50 3G PS;Resource Group;Active;NGSA demo data;2018-05-22 13:30:08;SOA
ZIP-L2-50 LTE PS;Resource Group;Active;NGSA demo data;2018-05-22 13:30:08;SOA
ZIP-L2-51 2G CS;Resource Group;Active;NGSA demo data;2018-05-22 13:30:08;SOA
ZIP-L2-51 2G PS;Resource Group;Active;NGSA demo data;2018-05-22 13:30:08;SOA
ZIP-L2-51 3G CS;Resource Group;Active;NGSA demo data;2018-05-22 13:30:08;SOA
ZIP-L2-51 3G PS;Resource Group;Active;NGSA demo data;2018-05-22 13:30:08;SOA
ZIP-L2-51 LTE PS;Resource Group;Active;NGSA demo data;2018-05-22 13:30:08;SOA
ZIP-L2-52 2G CS;Resource Group;Active;NGSA demo data;2018-05-22 13:30:08;SOA
ZIP-L2-52 2G PS;Resource Group;Active;NGSA demo data;2018-05-22 13:30:08;SOA
ZIP-L2-52 3G CS;Resource Group;Active;NGSA demo data;2018-05-22 13:30:08;SOA
ZIP-L2-52 3G PS;Resource Group;Active;NGSA demo data;2018-05-22 13:30:08;SOA
ZIP-L2-52 LTE PS;Resource Group;Active;NGSA demo data;2018-05-22 13:30:08;SOA
ZIP-L2-53 2G CS;Resource Group;Active;NGSA demo data;2018-05-22 13:30:08;SOA
ZIP-L2-53 2G PS;Resource Group;Active;NGSA demo data;2018-05-22 13:30:08;SOA
ZIP-L2-53 3G CS;Resource Group;Active;NGSA demo data;2018-05-22 13:30:08;SOA
ZIP-L2-53 3G PS;Resource Group;Active;NGSA demo data;2018-05-22 13:30:08;SOA
ZIP-L2-53 LTE PS;Resource Group;Active;NGSA demo data;2018-05-22 13:30:08;SOA
ZIP-L2-54 2G CS;Resource Group;Active;NGSA demo data;2018-05-22 13:30:08;SOA
ZIP-L2-54 2G PS;Resource Group;Active;NGSA demo data;2018-05-22 13:30:08;SOA
ZIP-L2-54 3G CS;Resource Group;Active;NGSA demo data;2018-05-22 13:30:08;SOA
ZIP-L2-54 3G PS;Resource Group;Active;NGSA demo data;2018-05-22 13:30:08;SOA
ZIP-L2-54 LTE PS;Resource Group;Active;NGSA demo data;2018-05-22 13:30:08;SOA
ZIP-L2-55 2G CS;Resource Group;Active;NGSA demo data;2018-05-22 13:30:08;SOA
ZIP-L2-55 2G PS;Resource Group;Active;NGSA demo data;2018-05-22 13:30:08;SOA
ZIP-L2-55 3G CS;Resource Group;Active;NGSA demo data;2018-05-22 13:30:08;SOA
ZIP-L2-55 3G PS;Resource Group;Active;NGSA demo data;2018-05-22 13:30:08;SOA
ZIP-L2-55 LTE PS;Resource Group;Active;NGSA demo data;2018-05-22 13:30:08;SOA
ZIP-L2-56 2G CS;Resource Group;Active;NGSA demo data;2018-05-22 13:30:08;SOA
ZIP-L2-56 2G PS;Resource Group;Active;NGSA demo data;2018-05-22 13:30:08;SOA
ZIP-L2-56 3G CS;Resource Group;Active;NGSA demo data;2018-05-22 13:30:08;SOA
ZIP-L2-56 3G PS;Resource Group;Active;NGSA demo data;2018-05-22 13:30:08;SOA
ZIP-L2-56 LTE PS;Resource Group;Active;NGSA demo data;2018-05-22 13:30:08;SOA
ZIP-L2-57 2G CS;Resource Group;Active;NGSA demo data;2018-05-22 13:30:08;SOA
ZIP-L2-57 2G PS;Resource Group;Active;NGSA demo data;2018-05-22 13:30:08;SOA
ZIP-L2-57 3G CS;Resource Group;Active;NGSA demo data;2018-05-22 13:30:08;SOA
ZIP-L2-57 3G PS;Resource Group;Active;NGSA demo data;2018-05-22 13:30:08;SOA
ZIP-L2-57 LTE PS;Resource Group;Active;NGSA demo data;2018-05-22 13:30:08;SOA
ZIP-L2-58 2G CS;Resource Group;Active;NGSA demo data;2018-05-22 13:30:08;SOA
ZIP-L2-58 2G PS;Resource Group;Active;NGSA demo data;2018-05-22 13:30:08;SOA
ZIP-L2-58 3G CS;Resource Group;Active;NGSA demo data;2018-05-22 13:30:08;SOA
ZIP-L2-58 3G PS;Resource Group;Active;NGSA demo data;2018-05-22 13:30:08;SOA
ZIP-L2-58 LTE PS;Resource Group;Active;NGSA demo data;2018-05-22 13:30:08;SOA
ZIP-L2-59 2G CS;Resource Group;Active;NGSA demo data;2018-05-22 13:30:08;SOA
ZIP-L2-59 2G PS;Resource Group;Active;NGSA demo data;2018-05-22 13:30:08;SOA
ZIP-L2-59 3G CS;Resource Group;Active;NGSA demo data;2018-05-22 13:30:08;SOA
ZIP-L2-59 3G PS;Resource Group;Active;NGSA demo data;2018-05-22 13:30:08;SOA
ZIP-L2-59 LTE PS;Resource Group;Active;NGSA demo data;2018-05-22 13:30:08;SOA
ZIP-L2-60 2G CS;Resource Group;Active;NGSA demo data;2018-05-22 13:30:08;SOA
ZIP-L2-60 2G PS;Resource Group;Active;NGSA demo data;2018-05-22 13:30:08;SOA
ZIP-L2-60 3G CS;Resource Group;Active;NGSA demo data;2018-05-22 13:30:08;SOA
ZIP-L2-60 3G PS;Resource Group;Active;NGSA demo data;2018-05-22 13:30:08;SOA
ZIP-L2-60 LTE PS;Resource Group;Active;NGSA demo data;2018-05-22 13:30:08;SOA
ZIP-L2-61 2G CS;Resource Group;Active;NGSA demo data;2018-05-22 13:30:08;SOA
ZIP-L2-61 2G PS;Resource Group;Active;NGSA demo data;2018-05-22 13:30:08;SOA
ZIP-L2-61 3G CS;Resource Group;Active;NGSA demo data;2018-05-22 13:30:08;SOA
ZIP-L2-61 3G PS;Resource Group;Active;NGSA demo data;2018-05-22 13:30:08;SOA
ZIP-L2-61 LTE PS;Resource Group;Active;NGSA demo data;2018-05-22 13:30:08;SOA
ZIP-L2-62 2G CS;Resource Group;Active;NGSA demo data;2018-05-22 13:30:08;SOA
ZIP-L2-62 2G PS;Resource Group;Active;NGSA demo data;2018-05-22 13:30:08;SOA
ZIP-L2-62 3G CS;Resource Group;Active;NGSA demo data;2018-05-22 13:30:08;SOA
ZIP-L2-62 3G PS;Resource Group;Active;NGSA demo data;2018-05-22 13:30:08;SOA
ZIP-L2-62 LTE PS;Resource Group;Active;NGSA demo data;2018-05-22 13:30:08;SOA
ZIP-L2-63 2G CS;Resource Group;Active;NGSA demo data;2018-05-22 13:30:08;SOA
ZIP-L2-63 2G PS;Resource Group;Active;NGSA demo data;2018-05-22 13:30:08;SOA
ZIP-L2-63 3G CS;Resource Group;Active;NGSA demo data;2018-05-22 13:30:08;SOA
ZIP-L2-63 3G PS;Resource Group;Active;NGSA demo data;2018-05-22 13:30:08;SOA
ZIP-L2-63 LTE PS;Resource Group;Active;NGSA demo data;2018-05-22 13:30:08;SOA
ZIP-L2-64 2G CS;Resource Group;Active;NGSA demo data;2018-05-22 13:30:08;SOA
ZIP-L2-64 2G PS;Resource Group;Active;NGSA demo data;2018-05-22 13:30:08;SOA
ZIP-L2-64 3G CS;Resource Group;Active;NGSA demo data;2018-05-22 13:30:08;SOA
ZIP-L2-64 3G PS;Resource Group;Active;NGSA demo data;2018-05-22 13:30:08;SOA
ZIP-L2-64 LTE PS;Resource Group;Active;NGSA demo data;2018-05-22 13:30:08;SOA
ZIP-L2-65 2G CS;Resource Group;Active;NGSA demo data;2018-05-22 13:30:08;SOA
ZIP-L2-65 2G PS;Resource Group;Active;NGSA demo data;2018-05-22 13:30:08;SOA
ZIP-L2-65 3G CS;Resource Group;Active;NGSA demo data;2018-05-22 13:30:08;SOA
ZIP-L2-65 3G PS;Resource Group;Active;NGSA demo data;2018-05-22 13:30:08;SOA
ZIP-L2-65 LTE PS;Resource Group;Active;NGSA demo data;2018-05-22 13:30:08;SOA
ZIP-L2-66 2G CS;Resource Group;Active;NGSA demo data;2018-05-22 13:30:08;SOA
ZIP-L2-66 2G PS;Resource Group;Active;NGSA demo data;2018-05-22 13:30:08;SOA
ZIP-L2-66 3G CS;Resource Group;Active;NGSA demo data;2018-05-22 13:30:08;SOA
ZIP-L2-66 3G PS;Resource Group;Active;NGSA demo data;2018-05-22 13:30:08;SOA
ZIP-L2-66 LTE PS;Resource Group;Active;NGSA demo data;2018-05-22 13:30:08;SOA
ZIP-L2-67 2G CS;Resource Group;Active;NGSA demo data;2018-05-22 13:30:08;SOA
ZIP-L2-67 2G PS;Resource Group;Active;NGSA demo data;2018-05-22 13:30:08;SOA
ZIP-L2-67 3G CS;Resource Group;Active;NGSA demo data;2018-05-22 13:30:08;SOA
ZIP-L2-67 3G PS;Resource Group;Active;NGSA demo data;2018-05-22 13:30:08;SOA
ZIP-L2-67 LTE PS;Resource Group;Active;NGSA demo data;2018-05-22 13:30:08;SOA
ZIP-L2-68 2G CS;Resource Group;Active;NGSA demo data;2018-05-22 13:30:08;SOA
ZIP-L2-68 2G PS;Resource Group;Active;NGSA demo data;2018-05-22 13:30:08;SOA
ZIP-L2-68 3G CS;Resource Group;Active;NGSA demo data;2018-05-22 13:30:08;SOA
ZIP-L2-68 3G PS;Resource Group;Active;NGSA demo data;2018-05-22 13:30:08;SOA
ZIP-L2-68 LTE PS;Resource Group;Active;NGSA demo data;2018-05-22 13:30:08;SOA
ZIP-L2-69 2G CS;Resource Group;Active;NGSA demo data;2018-05-22 13:30:08;SOA
ZIP-L2-69 2G PS;Resource Group;Active;NGSA demo data;2018-05-22 13:30:08;SOA
ZIP-L2-69 3G CS;Resource Group;Active;NGSA demo data;2018-05-22 13:30:08;SOA
ZIP-L2-69 3G PS;Resource Group;Active;NGSA demo data;2018-05-22 13:30:08;SOA
ZIP-L2-69 LTE PS;Resource Group;Active;NGSA demo data;2018-05-22 13:30:08;SOA
ZIP-L2-70 2G CS;Resource Group;Active;NGSA demo data;2018-05-22 13:30:08;SOA
ZIP-L2-70 2G PS;Resource Group;Active;NGSA demo data;2018-05-22 13:30:08;SOA
ZIP-L2-70 3G CS;Resource Group;Active;NGSA demo data;2018-05-22 13:30:08;SOA
ZIP-L2-70 3G PS;Resource Group;Active;NGSA demo data;2018-05-22 13:30:08;SOA
ZIP-L2-70 LTE PS;Resource Group;Active;NGSA demo data;2018-05-22 13:30:08;SOA
ZIP-L2-71 2G CS;Resource Group;Active;NGSA demo data;2018-05-22 13:30:08;SOA
ZIP-L2-71 2G PS;Resource Group;Active;NGSA demo data;2018-05-22 13:30:08;SOA
ZIP-L2-71 3G CS;Resource Group;Active;NGSA demo data;2018-05-22 13:30:08;SOA
ZIP-L2-71 3G PS;Resource Group;Active;NGSA demo data;2018-05-22 13:30:08;SOA
ZIP-L2-71 LTE PS;Resource Group;Active;NGSA demo data;2018-05-22 13:30:08;SOA
ZIP-L2-72 2G CS;Resource Group;Active;NGSA demo data;2018-05-22 13:30:08;SOA
ZIP-L2-72 2G PS;Resource Group;Active;NGSA demo data;2018-05-22 13:30:08;SOA
ZIP-L2-72 3G CS;Resource Group;Active;NGSA demo data;2018-05-22 13:30:08;SOA
ZIP-L2-72 3G PS;Resource Group;Active;NGSA demo data;2018-05-22 13:30:08;SOA
ZIP-L2-72 LTE PS;Resource Group;Active;NGSA demo data;2018-05-22 13:30:08;SOA
ZIP-L2-73 2G CS;Resource Group;Active;NGSA demo data;2018-05-22 13:30:08;SOA
ZIP-L2-73 2G PS;Resource Group;Active;NGSA demo data;2018-05-22 13:30:08;SOA
ZIP-L2-73 3G CS;Resource Group;Active;NGSA demo data;2018-05-22 13:30:08;SOA
ZIP-L2-73 3G PS;Resource Group;Active;NGSA demo data;2018-05-22 13:30:08;SOA
ZIP-L2-73 LTE PS;Resource Group;Active;NGSA demo data;2018-05-22 13:30:08;SOA
ZIP-L2-74 2G CS;Resource Group;Active;NGSA demo data;2018-05-22 13:30:08;SOA
ZIP-L2-74 2G PS;Resource Group;Active;NGSA demo data;2018-05-22 13:30:08;SOA
ZIP-L2-74 3G CS;Resource Group;Active;NGSA demo data;2018-05-22 13:30:08;SOA
ZIP-L2-74 3G PS;Resource Group;Active;NGSA demo data;2018-05-22 13:30:08;SOA
ZIP-L2-74 LTE PS;Resource Group;Active;NGSA demo data;2018-05-22 13:30:08;SOA
ZIP-L2-75 2G CS;Resource Group;Active;NGSA demo data;2018-05-22 13:30:08;SOA
ZIP-L2-75 2G PS;Resource Group;Active;NGSA demo data;2018-05-22 13:30:08;SOA
ZIP-L2-75 3G CS;Resource Group;Active;NGSA demo data;2018-05-22 13:30:08;SOA
ZIP-L2-75 3G PS;Resource Group;Active;NGSA demo data;2018-05-22 13:30:08;SOA
ZIP-L2-75 LTE PS;Resource Group;Active;NGSA demo data;2018-05-22 13:30:08;SOA
ZIP-L2-76 2G CS;Resource Group;Active;NGSA demo data;2018-05-22 13:30:08;SOA
ZIP-L2-76 2G PS;Resource Group;Active;NGSA demo data;2018-05-22 13:30:08;SOA
ZIP-L2-76 3G CS;Resource Group;Active;NGSA demo data;2018-05-22 13:30:08;SOA
ZIP-L2-76 3G PS;Resource Group;Active;NGSA demo data;2018-05-22 13:30:08;SOA
ZIP-L2-76 LTE PS;Resource Group;Active;NGSA demo data;2018-05-22 13:30:08;SOA
ZIP-L2-77 2G CS;Resource Group;Active;NGSA demo data;2018-05-22 13:30:08;SOA
ZIP-L2-77 2G PS;Resource Group;Active;NGSA demo data;2018-05-22 13:30:08;SOA
ZIP-L2-77 3G CS;Resource Group;Active;NGSA demo data;2018-05-22 13:30:08;SOA
ZIP-L2-77 3G PS;Resource Group;Active;NGSA demo data;2018-05-22 13:30:08;SOA
ZIP-L2-77 LTE PS;Resource Group;Active;NGSA demo data;2018-05-22 13:30:08;SOA
ZIP-L2-78 2G CS;Resource Group;Active;NGSA demo data;2018-05-22 13:30:08;SOA
ZIP-L2-78 2G PS;Resource Group;Active;NGSA demo data;2018-05-22 13:30:08;SOA
ZIP-L2-78 3G CS;Resource Group;Active;NGSA demo data;2018-05-22 13:30:08;SOA
ZIP-L2-78 3G PS;Resource Group;Active;NGSA demo data;2018-05-22 13:30:08;SOA
ZIP-L2-78 LTE PS;Resource Group;Active;NGSA demo data;2018-05-22 13:30:08;SOA
ZIP-L2-79 2G CS;Resource Group;Active;NGSA demo data;2018-05-22 13:30:08;SOA
ZIP-L2-79 2G PS;Resource Group;Active;NGSA demo data;2018-05-22 13:30:08;SOA
ZIP-L2-79 3G CS;Resource Group;Active;NGSA demo data;2018-05-22 13:30:08;SOA
ZIP-L2-79 3G PS;Resource Group;Active;NGSA demo data;2018-05-22 13:30:08;SOA
ZIP-L2-79 LTE PS;Resource Group;Active;NGSA demo data;2018-05-22 13:30:08;SOA
ZIP-L2-80 2G CS;Resource Group;Active;NGSA demo data;2018-05-22 13:30:08;SOA
ZIP-L2-80 2G PS;Resource Group;Active;NGSA demo data;2018-05-22 13:30:08;SOA
ZIP-L2-80 3G CS;Resource Group;Active;NGSA demo data;2018-05-22 13:30:08;SOA
ZIP-L2-80 3G PS;Resource Group;Active;NGSA demo data;2018-05-22 13:30:08;SOA
ZIP-L2-80 LTE PS;Resource Group;Active;NGSA demo data;2018-05-22 13:30:08;SOA
ZIP-L2-81 2G CS;Resource Group;Active;NGSA demo data;2018-05-22 13:30:08;SOA
ZIP-L2-81 2G PS;Resource Group;Active;NGSA demo data;2018-05-22 13:30:08;SOA
ZIP-L2-81 3G CS;Resource Group;Active;NGSA demo data;2018-05-22 13:30:08;SOA
ZIP-L2-81 3G PS;Resource Group;Active;NGSA demo data;2018-05-22 13:30:08;SOA
ZIP-L2-81 LTE PS;Resource Group;Active;NGSA demo data;2018-05-22 13:30:08;SOA
ZIP-L2-82 2G CS;Resource Group;Active;NGSA demo data;2018-05-22 13:30:08;SOA
ZIP-L2-82 2G PS;Resource Group;Active;NGSA demo data;2018-05-22 13:30:08;SOA
ZIP-L2-82 3G CS;Resource Group;Active;NGSA demo data;2018-05-22 13:30:08;SOA
ZIP-L2-82 3G PS;Resource Group;Active;NGSA demo data;2018-05-22 13:30:08;SOA
ZIP-L2-82 LTE PS;Resource Group;Active;NGSA demo data;2018-05-22 13:30:08;SOA
ZIP-L2-83 2G CS;Resource Group;Active;NGSA demo data;2018-05-22 13:30:08;SOA
ZIP-L2-83 2G PS;Resource Group;Active;NGSA demo data;2018-05-22 13:30:08;SOA
ZIP-L2-83 3G CS;Resource Group;Active;NGSA demo data;2018-05-22 13:30:08;SOA
ZIP-L2-83 3G PS;Resource Group;Active;NGSA demo data;2018-05-22 13:30:08;SOA
ZIP-L2-83 LTE PS;Resource Group;Active;NGSA demo data;2018-05-22 13:30:08;SOA
ZIP-L2-84 2G CS;Resource Group;Active;NGSA demo data;2018-05-22 13:30:08;SOA
ZIP-L2-84 2G PS;Resource Group;Active;NGSA demo data;2018-05-22 13:30:08;SOA
ZIP-L2-84 3G CS;Resource Group;Active;NGSA demo data;2018-05-22 13:30:08;SOA
ZIP-L2-84 3G PS;Resource Group;Active;NGSA demo data;2018-05-22 13:30:08;SOA
ZIP-L2-84 LTE PS;Resource Group;Active;NGSA demo data;2018-05-22 13:30:08;SOA
ZIP-L2-85 2G CS;Resource Group;Active;NGSA demo data;2018-05-22 13:30:08;SOA
ZIP-L2-85 2G PS;Resource Group;Active;NGSA demo data;2018-05-22 13:30:08;SOA
ZIP-L2-85 3G CS;Resource Group;Active;NGSA demo data;2018-05-22 13:30:08;SOA
ZIP-L2-85 3G PS;Resource Group;Active;NGSA demo data;2018-05-22 13:30:08;SOA
ZIP-L2-85 LTE PS;Resource Group;Active;NGSA demo data;2018-05-22 13:30:08;SOA
ZIP-L2-86 2G CS;Resource Group;Active;NGSA demo data;2018-05-22 13:30:08;SOA
ZIP-L2-86 2G PS;Resource Group;Active;NGSA demo data;2018-05-22 13:30:08;SOA
ZIP-L2-86 3G CS;Resource Group;Active;NGSA demo data;2018-05-22 13:30:08;SOA
ZIP-L2-86 3G PS;Resource Group;Active;NGSA demo data;2018-05-22 13:30:08;SOA
ZIP-L2-86 LTE PS;Resource Group;Active;NGSA demo data;2018-05-22 13:30:08;SOA
ZIP-L2-87 2G CS;Resource Group;Active;NGSA demo data;2018-05-22 13:30:08;SOA
ZIP-L2-87 2G PS;Resource Group;Active;NGSA demo data;2018-05-22 13:30:08;SOA
ZIP-L2-87 3G CS;Resource Group;Active;NGSA demo data;2018-05-22 13:30:08;SOA
ZIP-L2-87 3G PS;Resource Group;Active;NGSA demo data;2018-05-22 13:30:08;SOA
ZIP-L2-87 LTE PS;Resource Group;Active;NGSA demo data;2018-05-22 13:30:08;SOA
ZIP-L2-88 2G CS;Resource Group;Active;NGSA demo data;2018-05-22 13:30:08;SOA
ZIP-L2-88 2G PS;Resource Group;Active;NGSA demo data;2018-05-22 13:30:08;SOA
ZIP-L2-88 3G CS;Resource Group;Active;NGSA demo data;2018-05-22 13:30:08;SOA
ZIP-L2-88 3G PS;Resource Group;Active;NGSA demo data;2018-05-22 13:30:08;SOA
ZIP-L2-88 LTE PS;Resource Group;Active;NGSA demo data;2018-05-22 13:30:08;SOA
ZIP-L2-89 2G CS;Resource Group;Active;NGSA demo data;2018-05-22 13:30:08;SOA
ZIP-L2-89 2G PS;Resource Group;Active;NGSA demo data;2018-05-22 13:30:08;SOA
ZIP-L2-89 3G CS;Resource Group;Active;NGSA demo data;2018-05-22 13:30:08;SOA
ZIP-L2-89 3G PS;Resource Group;Active;NGSA demo data;2018-05-22 13:30:08;SOA
ZIP-L2-89 LTE PS;Resource Group;Active;NGSA demo data;2018-05-22 13:30:08;SOA
ZIP-L2-90 2G CS;Resource Group;Active;NGSA demo data;2018-05-22 13:30:08;SOA
ZIP-L2-90 2G PS;Resource Group;Active;NGSA demo data;2018-05-22 13:30:08;SOA
ZIP-L2-90 3G CS;Resource Group;Active;NGSA demo data;2018-05-22 13:30:08;SOA
ZIP-L2-90 3G PS;Resource Group;Active;NGSA demo data;2018-05-22 13:30:08;SOA
ZIP-L2-90 LTE PS;Resource Group;Active;NGSA demo data;2018-05-22 13:30:08;SOA
ZIP-L2-91 2G CS;Resource Group;Active;NGSA demo data;2018-05-22 13:30:08;SOA
ZIP-L2-91 2G PS;Resource Group;Active;NGSA demo data;2018-05-22 13:30:08;SOA
ZIP-L2-91 3G CS;Resource Group;Active;NGSA demo data;2018-05-22 13:30:08;SOA
ZIP-L2-91 3G PS;Resource Group;Active;NGSA demo data;2018-05-22 13:30:08;SOA
ZIP-L2-91 LTE PS;Resource Group;Active;NGSA demo data;2018-05-22 13:30:08;SOA
ZIP-L2-92 2G CS;Resource Group;Active;NGSA demo data;2018-05-22 13:30:08;SOA
ZIP-L2-92 2G PS;Resource Group;Active;NGSA demo data;2018-05-22 13:30:08;SOA
ZIP-L2-92 3G CS;Resource Group;Active;NGSA demo data;2018-05-22 13:30:08;SOA
ZIP-L2-92 3G PS;Resource Group;Active;NGSA demo data;2018-05-22 13:30:08;SOA
ZIP-L2-92 LTE PS;Resource Group;Active;NGSA demo data;2018-05-22 13:30:08;SOA
ZIP-L2-93 2G CS;Resource Group;Active;NGSA demo data;2018-05-22 13:30:08;SOA
ZIP-L2-93 2G PS;Resource Group;Active;NGSA demo data;2018-05-22 13:30:08;SOA
ZIP-L2-93 3G CS;Resource Group;Active;NGSA demo data;2018-05-22 13:30:08;SOA
ZIP-L2-93 3G PS;Resource Group;Active;NGSA demo data;2018-05-22 13:30:08;SOA
ZIP-L2-93 LTE PS;Resource Group;Active;NGSA demo data;2018-05-22 13:30:08;SOA
ZIP-L2-94 2G CS;Resource Group;Active;NGSA demo data;2018-05-22 13:30:08;SOA
ZIP-L2-94 2G PS;Resource Group;Active;NGSA demo data;2018-05-22 13:30:08;SOA
ZIP-L2-94 3G CS;Resource Group;Active;NGSA demo data;2018-05-22 13:30:08;SOA
ZIP-L2-94 3G PS;Resource Group;Active;NGSA demo data;2018-05-22 13:30:08;SOA
ZIP-L2-94 LTE PS;Resource Group;Active;NGSA demo data;2018-05-22 13:30:08;SOA
ZIP-L2-95 2G CS;Resource Group;Active;NGSA demo data;2018-05-22 13:30:08;SOA
ZIP-L2-95 2G PS;Resource Group;Active;NGSA demo data;2018-05-22 13:30:08;SOA
ZIP-L2-95 3G CS;Resource Group;Active;NGSA demo data;2018-05-22 13:30:08;SOA
ZIP-L2-95 3G PS;Resource Group;Active;NGSA demo data;2018-05-22 13:30:08;SOA
ZIP-L2-95 LTE PS;Resource Group;Active;NGSA demo data;2018-05-22 13:30:08;SOA
ZIP-L2-96 2G CS;Resource Group;Active;NGSA demo data;2018-05-22 13:30:08;SOA
ZIP-L2-96 2G PS;Resource Group;Active;NGSA demo data;2018-05-22 13:30:08;SOA
ZIP-L2-96 3G CS;Resource Group;Active;NGSA demo data;2018-05-22 13:30:08;SOA
ZIP-L2-96 3G PS;Resource Group;Active;NGSA demo data;2018-05-22 13:30:08;SOA
ZIP-L2-96 LTE PS;Resource Group;Active;NGSA demo data;2018-05-22 13:30:08;SOA
ZIP-L2-97 2G CS;Resource Group;Active;NGSA demo data;2018-05-22 13:30:08;SOA
ZIP-L2-97 2G PS;Resource Group;Active;NGSA demo data;2018-05-22 13:30:08;SOA
ZIP-L2-97 3G CS;Resource Group;Active;NGSA demo data;2018-05-22 13:30:08;SOA
ZIP-L2-97 3G PS;Resource Group;Active;NGSA demo data;2018-05-22 13:30:08;SOA
ZIP-L2-97 LTE PS;Resource Group;Active;NGSA demo data;2018-05-22 13:30:08;SOA
ZIP-L2-98 2G CS;Resource Group;Active;NGSA demo data;2018-05-22 13:30:08;SOA
ZIP-L2-98 2G PS;Resource Group;Active;NGSA demo data;2018-05-22 13:30:08;SOA
ZIP-L2-98 3G CS;Resource Group;Active;NGSA demo data;2018-05-22 13:30:08;SOA
ZIP-L2-98 3G PS;Resource Group;Active;NGSA demo data;2018-05-22 13:30:08;SOA
ZIP-L2-98 LTE PS;Resource Group;Active;NGSA demo data;2018-05-22 13:30:08;SOA
ZIP-L2-99 2G CS;Resource Group;Active;NGSA demo data;2018-05-22 13:30:08;SOA
ZIP-L2-99 2G PS;Resource Group;Active;NGSA demo data;2018-05-22 13:30:08;SOA
ZIP-L2-99 3G CS;Resource Group;Active;NGSA demo data;2018-05-22 13:30:08;SOA
ZIP-L2-99 3G PS;Resource Group;Active;NGSA demo data;2018-05-22 13:30:08;SOA
ZIP-L2-99 LTE PS;Resource Group;Active;NGSA demo data;2018-05-22 13:30:08;SOA
Zipstrory인테리어 (900872386);Physical Location;Active;;2018-09-13 19:09:27;netl
ZIP호텔-1/ZIP호텔-2/ZIP호텔-3 (500003020);Physical Location;Active;;2018-09-13 18:22:15;netl
